7.03969E-09,1.24764E-08,2.20925E-08,3.90771E-08,6.90239E-08,1.21708E-07,2.14135E-07,3.75712E-07,6.5692E-07,1.14359E-06,1.97985E-06,3.40395E-06,5.8015E-06,9.77962E-06,1.62589E-05,2.6564E-05,4.24588E-05,6.60155E-05,9.91343E-05,0.000142492,0.000193832,0.000245996,0.000286088,0.00029807,0.000270408,0.00020608,0.000126117,5.85545E-05,1.92016E-05,4.0645E-06,4.95842E-07,3.02258E-08,7.693E-10,6.52051E-12,1.38449E-14,5.14592E-18,2.13223E-22,5.58086E-28,4.51316E-35,4.58323E-44,1.88164E-55,7.49685E-70,4.80899E-88,5.175E-111,5.4201E-140,1.5337E-176,1.2866E-222,1.0917E-280,0,0,0,0,0,0,0,0,0,0,0,0,0
7.05391E-09,1.25053E-08,2.2152E-08,3.9201E-08,6.92841E-08,1.22259E-07,2.15307E-07,3.78218E-07,6.62292E-07,1.15512E-06,2.00456E-06,3.45674E-06,5.91368E-06,1.0016E-05,1.67516E-05,2.75751E-05,4.44932E-05,7.00065E-05,0.000106713,0.000156305,0.000217728,0.000284704,0.000343796,0.000375565,0.00036164,0.00029709,0.000199829,0.000104497,3.98028E-05,1.01731E-05,1.57349E-06,1.29317E-07,4.79436E-09,6.52485E-11,2.51468E-13,1.97968E-16,2.11009E-20,1.81446E-25,6.55935E-32,4.38809E-40,1.93353E-50,1.52856E-63,4.21722E-80,5.1692E-101,2.1016E-127,1.0806E-160,1.1501E-202,1.4295E-255,0,0,0,0,0,0,0,0,0,0,0,0,0
7.06777E-09,1.25335E-08,2.22098E-08,3.9321E-08,6.95355E-08,1.2279E-07,2.16437E-07,3.80633E-07,6.67472E-07,1.16624E-06,2.02844E-06,3.50788E-06,6.02266E-06,1.02467E-05,1.72347E-05,2.85737E-05,4.65207E-05,7.40294E-05,0.000114465,0.000170692,0.000243197,0.000327174,0.000409472,0.000467918,0.000476855,0.000420727,0.0003096,0.000181293,7.96251E-05,2.43481E-05,4.71967E-06,5.15379E-07,2.73263E-08,5.83489E-10,3.96465E-12,6.37296E-15,1.66856E-18,4.44778E-23,6.68091E-29,2.68531E-36,1.13097E-45,1.53323E-57,1.51408E-72,1.67751E-91,1.9788E-115,1.2816E-145,1.0909E-183,1.1111E-231,3.6534E-292,0,0,0,0,0,0,0,0,0,0,0,0
7.08127E-09,1.25608E-08,2.22658E-08,3.94369E-08,6.97781E-08,1.23302E-07,2.17524E-07,3.82956E-07,6.72454E-07,1.17694E-06,2.05144E-06,3.55723E-06,6.12816E-06,1.04708E-05,1.77067E-05,2.95555E-05,4.85311E-05,7.80617E-05,0.000122341,0.000185566,0.00027011,0.000373309,0.000483337,0.00057643,0.000619896,0.000585241,0.000468976,0.000305725,0.000153697,5.57105E-05,1.33771E-05,1.91263E-06,1.42379E-07,4.6603E-09,5.42174E-11,1.71514E-13,1.05307E-16,8.2083E-21,4.75994E-26,1.04789E-32,3.75456E-41,7.53789E-52,2.21515E-65,1.75828E-82,4.4909E-104,2.5348E-131,1.0852E-165,5.0522E-209,1.2217E-263,0,0,0,0,0,0,0,0,0,0,0,0
7.0944E-09,1.25873E-08,2.23199E-08,3.95488E-08,7.00115E-08,1.23793E-07,2.18568E-07,3.85184E-07,6.7723E-07,1.18721E-06,2.07353E-06,3.6047E-06,6.22989E-06,1.06877E-05,1.81656E-05,3.05162E-05,5.05138E-05,8.20793E-05,0.00013029,0.000200827,0.0002983,0.000422907,0.000565401,0.000702086,0.000794403,0.00079956,0.000694476,0.000501058,0.000286206,0.000121834,3.58166E-05,6.60699E-06,6.77829E-07,3.32245E-08,6.42628E-10,3.85533E-12,5.29818E-15,1.13876E-18,2.36782E-23,2.60148E-29,7.05333E-37,1.80964E-46,1.31448E-58,5.91744E-74,2.43866E-93,8.2827E-118,1.119E-148,1.324E-187,1.1247E-236,1.6209E-298,0,0,0,0,0,0,0,0,0,0,0
7.10716E-09,1.26129E-08,2.23722E-08,3.96565E-08,7.02358E-08,1.24265E-07,2.19566E-07,3.87314E-07,6.81794E-07,1.19702E-06,2.09466E-06,3.65018E-06,6.32757E-06,1.08966E-05,1.86096E-05,3.14511E-05,5.2458E-05,8.60565E-05,0.000138257,0.000216357,0.000327552,0.000475656,0.000655428,0.000845426,0.001003504,0.001072771,0.001005238,0.000797973,0.000514056,0.000254597,9.05631E-05,2.12366E-05,2.94714E-06,2.11304E-07,6.59697E-09,7.23139E-11,2.12248E-13,1.18586E-16,8.20844E-21,4.09906E-26,7.47589E-33,2.11352E-41,3.14887E-52,6.3566E-66,3.14484E-83,4.4297E-105,1.1819E-132,1.9701E-167,2.7974E-211,1.517E-266,0,0,0,0,0,0,0,0,0,0,0
7.11954E-09,1.26378E-08,2.24226E-08,3.97599E-08,7.04507E-08,1.24716E-07,2.2052E-07,3.89344E-07,6.86142E-07,1.20637E-06,2.11479E-06,3.69356E-06,6.42094E-06,1.10969E-05,1.9037E-05,3.23558E-05,5.43524E-05,8.99668E-05,0.000146178,0.000232025,0.000357609,0.000531125,0.000752893,0.001006412,0.001249459,0.001413391,0.001422113,0.001234713,0.000890384,0.000508268,0.000216188,6.34909E-05,1.16971E-05,1.19812E-06,5.86092E-08,1.13075E-09,6.76216E-12,9.25565E-15,1.97933E-18,4.0895E-23,4.45723E-29,1.19635E-36,3.0307E-46,2.16653E-58,9.55888E-74,3.84082E-93,1.2636E-117,1.6399E-148,1.8447E-187,1.4704E-236,1.9561E-298,0,0,0,0,0,0,0,0,0,0
7.13155E-09,1.26617E-08,2.2471E-08,3.98592E-08,7.06561E-08,1.25145E-07,2.21426E-07,3.91272E-07,6.90266E-07,1.21523E-06,2.13388E-06,3.73474E-06,6.50973E-06,1.12879E-05,1.94459E-05,3.32257E-05,5.61858E-05,9.37826E-05,0.000153991,0.000247688,0.000388174,0.00058876,0.000856963,0.001184308,0.001533262,0.001828417,0.001966075,0.001855906,0.001486949,0.000969127,0.000487075,0.000176488,4.23595E-05,6.05314E-06,4.50293E-07,1.4726E-08,1.71133E-10,5.4062E-13,3.31355E-16,2.57715E-20,1.49036E-25,3.26961E-32,1.16638E-40,2.32885E-51,6.79652E-65,5.34789E-82,1.351E-103,7.5207E-131,3.1642E-165,1.4412E-208,3.3902E-263,0,0,0,0,0,0,0,0,0,0
7.14317E-09,1.26848E-08,2.25176E-08,3.9954E-08,7.08518E-08,1.25553E-07,2.22286E-07,3.93096E-07,6.94161E-07,1.22359E-06,2.15189E-06,3.77363E-06,6.59367E-06,1.14689E-05,1.98347E-05,3.40564E-05,5.79469E-05,9.7476E-05,0.000161628,0.00026319,0.000418909,0.000647891,0.000966472,0.00137758,0.001854252,0.002322225,0.002655918,0.002709516,0.002393779,0.001764465,0.001035405,0.000455968,0.000139896,2.72321E-05,2.98952E-06,1.59572E-07,3.43605E-09,2.35956E-11,3.84375E-14,1.0234E-17,2.78624E-22,4.29794E-28,1.78632E-35,7.84729E-45,1.12182E-56,1.18433E-71,1.42729E-90,1.8716E-114,1.385E-144,1.3943E-182,1.7543E-230,7.5252E-291,0,0,0,0,0,0,0,0,0
7.1544E-09,1.27071E-08,2.25621E-08,4.00445E-08,7.10378E-08,1.2594E-07,2.23097E-07,3.94813E-07,6.97822E-07,1.23144E-06,2.1688E-06,3.81012E-06,6.67253E-06,1.16392E-05,2.02016E-05,3.48435E-05,5.96243E-05,0.000101019,0.00016902,0.000278368,0.000449444,0.000707736,0.001079926,0.001583816,0.002209765,0.002895391,0.003505298,0.003841551,0.003714133,0.003066789,0.002076076,0.001094457,0.000421144,0.000109028,1.71376E-05,1.43735E-06,5.46686E-08,7.68343E-10,3.08364E-12,2.55463E-15,2.9035E-19,2.70693E-24,1.0834E-30,8.23853E-39,4.26557E-49,4.13142E-62,1.47186E-78,2.4891E-99,1.5175E-125,1.2995E-158,2.6285E-200,7.3326E-253,0,0,0,0,0,0,0,0,0
7.16523E-09,1.27284E-08,2.26047E-08,4.01306E-08,7.12139E-08,1.26304E-07,2.23859E-07,3.96421E-07,7.01244E-07,1.23876E-06,2.18455E-06,3.84412E-06,6.74605E-06,1.17982E-05,2.0545E-05,3.55827E-05,6.12071E-05,0.000104382,0.000176095,0.000293051,0.00047938,0.000767411,0.001195517,0.001799709,0.002594864,0.003543577,0.004519367,0.005288515,0.005553052,0.005087297,0.003925187,0.002439722,0.00115509,0.000388222,8.47624E-05,1.07517E-05,6.88389E-07,1.86378E-08,1.70756E-10,3.99879E-13,1.68136E-16,8.13696E-21,2.5895E-26,2.67832E-33,3.70758E-42,2.24816E-53,1.46352E-67,1.74185E-85,4.0814E-108,1.1385E-136,1.1058E-172,4.3821E-218,2.6255E-275,0,0,0,0,0,0,0,0
7.17568E-09,1.27489E-08,2.26453E-08,4.02122E-08,7.13799E-08,1.26646E-07,2.24571E-07,3.97919E-07,7.0442E-07,1.24555E-06,2.19913E-06,3.87555E-06,6.81402E-06,1.19453E-05,2.08632E-05,3.62697E-05,6.26844E-05,0.00010754,0.000182785,0.000307064,0.000508301,0.000825956,0.001311151,0.002021075,0.003002206,0.004256627,0.0056914,0.007068146,0.007998746,0.008052218,0.006995634,0.005048819,0.002885013,0.001228697,0.000361431,6.67233E-05,6.85191E-06,3.36261E-07,6.51389E-09,3.9154E-11,5.39376E-14,1.16284E-17,2.42716E-22,2.67959E-28,7.30933E-36,1.88971E-45,1.38593E-57,6.31512E-73,2.64256E-92,9.1493E-117,1.2663E-147,1.5446E-186,1.3634E-235,2.062E-297,0,0,0,0,0,0,0
7.18572E-09,1.27684E-08,2.26839E-08,4.02892E-08,7.15358E-08,1.26966E-07,2.25233E-07,3.99304E-07,7.07348E-07,1.25178E-06,2.21249E-06,3.90433E-06,6.8762E-06,1.20799E-05,2.11549E-05,3.69008E-05,6.4046E-05,0.000110463,0.000189019,0.000320235,0.000535776,0.000882348,0.001424503,0.002242942,0.003422076,0.005018057,0.006999956,0.009169675,0.011097941,0.012157982,0.011749181,0.009695636,0.0065586,0.003454285,0.001327624,0.000343189,5.38433E-05,4.50523E-06,1.70845E-07,2.39218E-09,9.55551E-12,7.86939E-15,8.87748E-19,8.19897E-24,3.24288E-30,2.42949E-38,1.2345E-48,1.16776E-61,4.03832E-78,6.5782E-99,3.8258E-125,3.0874E-158,5.7953E-200,1.4715E-252,0,0,0,0,0,0,0
7.19536E-09,1.27871E-08,2.27204E-08,4.03616E-08,7.16813E-08,1.27262E-07,2.25843E-07,4.00575E-07,7.1002E-07,1.25745E-06,2.2246E-06,3.93037E-06,6.9324E-06,1.22016E-05,2.14185E-05,3.74721E-05,6.52818E-05,0.000113127,0.000194732,0.000332391,0.000561376,0.000935535,0.001533084,0.002459699,0.003842625,0.005805083,0.00840721,0.011545441,0.014828833,0.017507187,0.018589399,0.017271407,0.013564046,0.008620813,0.004197674,0.001461549,0.000333617,4.47543E-05,3.07467E-06,9.09689E-08,9.31928E-10,2.51192E-12,1.26073E-15,7.6245E-20,3.2123E-25,4.73002E-32,1.02144E-40,1.08411E-51,1.42797E-65,4.12721E-83,2.955E-105,3.3635E-133,1.9184E-168,7.0606E-213,6.9966E-269,0,0,0,0,0,0
7.20459E-09,1.28048E-08,2.27548E-08,4.04294E-08,7.18165E-08,1.27535E-07,2.26401E-07,4.0173E-07,7.12435E-07,1.26255E-06,2.23545E-06,3.9536E-06,6.98243E-06,1.23097E-05,2.16528E-05,3.79802E-05,6.63829E-05,0.000115508,0.00019986,0.000343368,0.000584681,0.000984464,0.001634327,0.002665303,0.00425031,0.006589322,0.009859028,0.01410608,0.019077823,0.024036481,0.027698912,0.02852797,0.025507274,0.019087116,0.011415118,0.005148509,0.001627852,0.000329107,3.78933E-05,2.14775E-06,4.98771E-08,3.76689E-10,6.91695E-13,2.1413E-16,7.04819E-21,1.38067E-26,7.75218E-34,4.97333E-43,1.14524E-54,2.20344E-69,5.65308E-88,1.9191E-111,4.7035E-141,2.1382E-178,1.795E-225,8.3977E-285,0,0,0,0,0
7.2134E-09,1.28216E-08,2.27872E-08,4.04925E-08,7.19411E-08,1.27784E-07,2.26906E-07,4.02766E-07,7.14586E-07,1.26706E-06,2.24499E-06,3.97395E-06,7.02611E-06,1.24039E-05,2.18566E-05,3.84218E-05,6.73407E-05,0.000117583,0.000204343,0.000353013,0.000605292,0.001028115,0.00172568,0.002853544,0.004630554,0.007338186,0.011287212,0.016721371,0.023627646,0.03145683,0.038856269,0.043674838,0.04359291,0.037467776,0.026677321,0.014986479,0.006247117,0.001788676,0.000319166,3.14024E-05,1.46024E-06,2.64317E-08,1.45872E-10,1.80465E-13,3.39809E-17,5.98148E-22,5.32855E-28,1.1095E-35,2.04167E-45,9.75967E-58,2.59448E-73,5.50898E-93,8.1194E-118,3.8347E-149,1.2083E-188,1.9404E-238,3.4348E-301,0,0,0,0
7.22181E-09,1.28374E-08,2.28174E-08,4.05508E-08,7.2055E-08,1.28009E-07,2.27358E-07,4.03684E-07,7.16472E-07,1.27098E-06,2.25322E-06,3.99137E-06,7.06328E-06,1.24837E-05,2.20287E-05,3.87942E-05,6.81476E-05,0.000119333,0.00020813,0.000361185,0.000622842,0.001065538,0.001804712,0.003018337,0.004968552,0.00801693,0.012614038,0.019228138,0.028163968,0.039231753,0.051300423,0.061948856,0.067674254,0.065166217,0.053535708,0.036010277,0.018831575,0.007173278,0.001833512,0.000283611,2.33107E-05,8.64327E-07,1.17647E-08,4.53493E-11,3.57093E-14,3.80724E-18,3.275E-23,1.18446E-29,7.92836E-38,3.49599E-48,2.76626E-61,7.64061E-78,9.3788E-99,3.8199E-125,1.9686E-158,2.1011E-200,2.621E-253,0,0,0,0
7.22979E-09,1.28523E-08,2.28455E-08,4.06044E-08,7.21582E-08,1.28211E-07,2.27756E-07,4.0448E-07,7.18086E-07,1.27429E-06,2.2601E-06,4.0058E-06,7.0938E-06,1.25487E-05,2.21682E-05,3.90947E-05,6.87972E-05,0.000120739,0.000211173,0.000367761,0.000637005,0.00109588,0.001869215,0.003154047,0.005250201,0.008591215,0.013758797,0.02144529,0.032304297,0.046615194,0.063723801,0.081376662,0.095381497,0.10035838,0.092178859,0.071353872,0.044532423,0.021192932,0.007169268,0.001578145,0.00020225,1.31181E-05,3.61005E-07,3.37604E-09,8.11307E-12,3.52409E-15,1.77679E-19,5.95364E-25,6.57082E-32,9.87051E-41,6.63371E-52,4.9156E-66,6.88657E-84,1.9813E-106,7.1569E-135,9.6237E-171,5.7441E-216,5.7636E-273,0,0,0
7.23735E-09,1.28663E-08,2.28715E-08,4.06531E-08,7.22506E-08,1.28388E-07,2.28099E-07,4.05155E-07,7.19428E-07,1.277E-06,2.26561E-06,4.01718E-06,7.11754E-06,1.25987E-05,2.22743E-05,3.93214E-05,6.92838E-05,0.000121787,0.000213434,0.000372639,0.000647511,0.001118423,0.001917309,0.0032558,0.005463058,0.009029908,0.014645672,0.0231945,0.035647616,0.052756001,0.074449488,0.098958434,0.12198697,0.13676307,0.136066099,0.116472967,0.082505919,0.046051335,0.019041316,0.005396482,0.000950625,9.2028E-05,4.19302E-06,7.39742E-08,3.95268E-10,4.69508E-13,8.3993E-17,1.38616E-21,1.13858E-27,2.14042E-35,3.46325E-45,1.40797E-57,3.05251E-73,5.01414E-93,5.3494E-118,1.682E-149,3.1756E-189,2.6763E-239,2.1038E-302,0,0
7.24448E-09,1.28793E-08,2.28952E-08,4.06969E-08,7.23319E-08,1.2854E-07,2.28387E-07,4.05705E-07,7.20493E-07,1.27908E-06,2.26974E-06,4.02548E-06,7.13441E-06,1.26334E-05,2.23464E-05,3.94725E-05,6.9603E-05,0.000122465,0.000214882,0.000375738,0.000654147,0.001132611,0.001947529,0.003319768,0.005597235,0.009307847,0.015211916,0.024323443,0.037836805,0.056853547,0.081782144,0.111355746,0.141496416,0.164810027,0.172044669,0.156458218,0.119603908,0.073477873,0.034280781,0.011310499,0.002412632,0.000297189,1.83384E-05,4.73961E-07,4.09561E-09,8.91025E-12,3.41476E-15,1.47052E-19,4.0403E-25,3.47315E-32,3.80905E-41,1.72278E-52,7.75374E-67,5.79869E-85,7.5699E-108,1.0111E-136,3.886E-173,4.7932E-219,6.6075E-277,0,0
7.25118E-09,1.28913E-08,2.29168E-08,4.07358E-08,7.24022E-08,1.28668E-07,2.2862E-07,4.06131E-07,7.21278E-07,1.28054E-06,2.27248E-06,4.03065E-06,7.1443E-06,1.26525E-05,2.23838E-05,3.95466E-05,6.97515E-05,0.000122766,0.000215497,0.000377004,0.00065677,0.001138069,0.001958898,0.003343411,0.005646158,0.009408208,0.015415128,0.024727491,0.03862083,0.058327119,0.084440037,0.11590403,0.14877588,0.175513886,0.18618491,0.172775897,0.135483193,0.085943769,0.041747451,0.014491696,0.003295324,0.000439946,3.00427E-05,8.82122E-07,8.95074E-09,2.38367E-11,1.17833E-14,6.9913E-19,2.8755E-24,4.10777E-31,8.53876E-40,8.63788E-51,1.07104E-64,2.86881E-82,1.8664E-104,1.8831E-132,9.2277E-168,2.8054E-212,2.1855E-268,0,0
7.25745E-09,1.29023E-08,2.29362E-08,4.07697E-08,7.24614E-08,1.2877E-07,2.28796E-07,4.06431E-07,7.21782E-07,1.28137E-06,2.2738E-06,4.03268E-06,7.14716E-06,1.2656E-05,2.23863E-05,3.9543E-05,6.97273E-05,0.000122684,0.000215266,0.000376407,0.000655311,0.001134622,0.001950981,0.003325637,0.005607097,0.00932418,0.015238471,0.024365624,0.037901872,0.056950281,0.081919415,0.111539439,0.141724682,0.165068356,0.172304421,0.156683085,0.119764881,0.073568317,0.034318016,0.011320724,0.00241426,0.000297304,1.83388E-05,4.73755E-07,4.09147E-09,8.89481E-12,3.40573E-15,1.46495E-19,4.01918E-25,3.44872E-32,3.77359E-41,1.70183E-52,7.63167E-67,5.68137E-85,7.3742E-108,9.7787E-137,3.7241E-173,4.541E-219,6.17E-277,0,0
7.26327E-09,1.29124E-08,2.29534E-08,4.07987E-08,7.25093E-08,1.28847E-07,2.28916E-07,4.06605E-07,7.22002E-07,1.28156E-06,2.27371E-06,4.03153E-06,7.14295E-06,1.26436E-05,2.23536E-05,3.94612E-05,6.95296E-05,0.000122217,0.000214187,0.000373948,0.000649773,0.001122305,0.001923908,0.003266886,0.005481407,0.009059712,0.014692939,0.02326722,0.035755244,0.052907578,0.074649709,0.099201674,0.122251292,0.137009291,0.136248316,0.11656136,0.082508302,0.046010375,0.01900239,0.005377614,0.000945566,9.13273E-05,4.14902E-06,7.29308E-08,3.87902E-10,4.58096E-13,8.13556E-17,1.33036E-21,1.08017E-27,2.00128E-35,3.1793E-45,1.26305E-57,2.6599E-73,4.21231E-93,4.2917E-118,1.2734E-149,2.235E-189,1.7183E-239,1.2032E-302,0,0
7.26866E-09,1.29214E-08,2.29683E-08,4.08226E-08,7.25459E-08,1.28899E-07,2.28979E-07,4.0665E-07,7.21936E-07,1.28112E-06,2.27219E-06,4.0272E-06,7.13162E-06,1.26155E-05,2.22858E-05,3.93013E-05,6.91591E-05,0.00012137,0.000212269,0.000369651,0.00064024,0.001101358,0.001878375,0.003169113,0.00527446,0.008629223,0.013816263,0.021528185,0.03241651,0.046754136,0.063874208,0.08150523,0.095438566,0.100294547,0.091977184,0.071058605,0.044239053,0.02098814,0.007072328,0.001549174,0.000197313,1.26986E-05,3.4605E-07,3.19649E-09,7.56312E-12,3.22156E-15,1.58474E-19,5.14801E-25,5.46417E-32,7.81451E-41,4.93686E-52,3.38412E-66,4.29822E-84,1.093E-106,3.3799E-135,3.7374E-171,1.7437E-216,1.2832E-273,0,0,0
7.2736E-09,1.29295E-08,2.2981E-08,4.08414E-08,7.25711E-08,1.28926E-07,2.28984E-07,4.06568E-07,7.21583E-07,1.28003E-06,2.26923E-06,4.01967E-06,7.11319E-06,1.25715E-05,2.21829E-05,3.90639E-05,6.86175E-05,0.000120146,0.00020953,0.000363572,0.000626866,0.001072225,0.001815616,0.003035686,0.00499527,0.008056304,0.012668591,0.019297108,0.028238849,0.039290264,0.051301645,0.061836065,0.067394216,0.064706944,0.052962947,0.035460187,0.018435958,0.006971154,0.001765438,0.000269918,2.18623E-05,7.95794E-07,1.0583E-08,3.96179E-11,3.0068E-14,3.0605E-18,2.48336E-23,8.34506E-30,5.09221E-38,1.99849E-48,1.36564E-61,3.13611E-78,3.0512E-99,9.2746E-126,3.3069E-159,2.2198E-201,1.5445E-254,0,0,0,0
7.2781E-09,1.29365E-08,2.29913E-08,4.08551E-08,7.25848E-08,1.28926E-07,2.28932E-07,4.06356E-07,7.20942E-07,1.2783E-06,2.26485E-06,4.00895E-06,7.08766E-06,1.25118E-05,2.20452E-05,3.87499E-05,6.79079E-05,0.000118557,0.000205998,0.00035579,0.000609879,0.001035534,0.001737343,0.002871187,0.004655834,0.007371567,0.011325636,0.016754224,0.023631321,0.031390222,0.038663091,0.043301279,0.043024291,0.036768317,0.025991621,0.014469615,0.005963274,0.00168307,0.000294944,2.83663E-05,1.28181E-06,2.23803E-08,1.18031E-10,1.3791E-13,2.41653E-17,3.88534E-22,3.08821E-28,5.57031E-36,8.55555E-46,3.25751E-58,6.50287E-74,9.62764E-94,9.012E-119,2.4034E-150,3.6879E-190,2.3941E-240,1.3549E-303,0,0,0,0
7.28214E-09,1.29425E-08,2.29994E-08,4.08636E-08,7.25869E-08,1.28901E-07,2.28822E-07,4.06015E-07,7.20012E-07,1.27593E-06,2.25902E-06,3.99504E-06,7.05507E-06,1.24365E-05,2.18732E-05,3.83607E-05,6.70348E-05,0.000116614,0.00020171,0.00034641,0.000589568,0.000992075,0.001645671,0.002681154,0.004270275,0.006609919,0.009870377,0.014087327,0.018993051,0.023835775,0.027332004,0.027975212,0.02481759,0.01838852,0.010861435,0.004822703,0.001495086,0.000294859,3.29061E-05,1.79317E-06,3.96318E-08,2.81231E-10,4.77447E-13,1.33905E-16,3.89225E-21,6.51979E-27,3.00601E-34,1.50479E-43,2.53566E-55,3.29265E-70,5.14949E-89,9.3747E-113,1.0485E-142,1.7754E-180,4.2987E-228,4.204E-288,0,0,0,0,0
7.28573E-09,1.29475E-08,2.30052E-08,4.0867E-08,7.25775E-08,1.2885E-07,2.28653E-07,4.05544E-07,7.18793E-07,1.27291E-06,2.25177E-06,3.97797E-06,7.01549E-06,1.23459E-05,2.16676E-05,3.78984E-05,6.60038E-05,0.000114334,0.000196711,0.000335558,0.00056628,0.000942774,0.001543025,0.002471768,0.003853862,0.005807606,0.008384586,0.0114691,0.014657905,0.017197673,0.018117779,0.016667472,0.012927691,0.008088513,0.003861485,0.001311487,0.000290141,3.74185E-05,2.44631E-06,6.79969E-08,6.43935E-10,1.57214E-12,6.9663E-16,3.60147E-20,1.24548E-25,1.43032E-32,2.25881E-41,1.61678E-52,1.2969E-66,2.00764E-84,6.5496E-107,2.7714E-135,4.5479E-171,3.4881E-216,4.799E-273,0,0,0,0,0,0
7.28886E-09,1.29515E-08,2.30087E-08,4.08652E-08,7.25563E-08,1.28772E-07,2.28427E-07,4.04943E-07,7.17283E-07,1.26925E-06,2.24309E-06,3.95775E-06,6.96899E-06,1.22401E-05,2.14291E-05,3.73651E-05,6.48216E-05,0.000111735,0.000191055,0.000323381,0.000540405,0.000888658,0.001432025,0.002249514,0.003422002,0.004999363,0.006941379,0.009039624,0.010859843,0.011786769,0.011257578,0.009153734,0.006077944,0.003127059,0.001166951,0.000290668,4.35218E-05,3.43363E-06,1.20916E-07,1.5424E-09,5.47898E-12,3.89254E-15,3.646E-19,2.66446E-24,7.84833E-31,4.05709E-39,1.29217E-49,6.7886E-63,1.11969E-79,7.1816E-101,1.2919E-127,2.38E-161,6.9569E-204,1.6996E-257,0,0,0,0,0,0,0
7.29153E-09,1.29544E-08,2.30098E-08,4.08581E-08,7.25235E-08,1.28668E-07,2.28142E-07,4.04212E-07,7.15485E-07,1.26495E-06,2.233E-06,3.93442E-06,6.91568E-06,1.21195E-05,2.11586E-05,3.67638E-05,6.3496E-05,0.000108841,0.000184801,0.00031004,0.00051237,0.000830819,0.001315383,0.002020851,0.002989302,0.004215997,0.005599704,0.006896279,0.007722412,0.007671546,0.006554481,0.004631975,0.002577651,0.001061801,0.000299501,5.24449E-05,5.03908E-06,2.2743E-07,3.96488E-09,2.08703E-11,2.43267E-14,4.24974E-18,6.80676E-23,5.38432E-29,9.65332E-37,1.47142E-46,5.54895E-59,1.09443E-74,1.59588E-94,1.4655E-119,3.8153E-151,5.6797E-191,3.549E-241,1.9143E-304,0,0,0,0,0,0,0
7.29374E-09,1.29563E-08,2.30086E-08,4.08458E-08,7.24789E-08,1.28538E-07,2.27798E-07,4.0335E-07,7.13398E-07,1.26E-06,2.2215E-06,3.90801E-06,6.85569E-06,1.19844E-05,2.08573E-05,3.60974E-05,6.20359E-05,0.000105674,0.000178017,0.00029571,0.000482624,0.000770377,0.001195786,0.0017919,0.002568773,0.003482613,0.004401272,0.005091496,0.00526942,0.004740361,0.003574626,0.002158635,0.000985549,0.000316433,6.52231E-05,7.6948E-06,4.49704E-07,1.08542E-08,8.60544E-11,1.6798E-13,5.6163E-17,2.03674E-21,4.50743E-27,2.95097E-34,2.29698E-43,6.74712E-55,1.76364E-69,6.65481E-88,3.6718E-111,1.6586E-140,1.628E-177,3.6017E-224,5.7073E-283,0,0,0,0,0,0,0,0
7.29548E-09,1.29571E-08,2.30051E-08,4.08282E-08,7.24224E-08,1.28382E-07,2.27396E-07,4.02359E-07,7.11023E-07,1.25443E-06,2.20861E-06,3.87858E-06,6.78914E-06,1.18354E-05,2.05264E-05,3.53696E-05,6.04511E-05,0.000102263,0.000170772,0.000280574,0.000451625,0.000708445,0.001075794,0.00156818,0.002171246,0.002817607,0.003369948,0.003637176,0.003449492,0.002780077,0.001825435,0.000926065,0.000339526,8.2707E-05,1.20413E-05,9.17035E-07,3.08898E-08,3.72585E-10,1.23348E-12,8.01957E-16,6.71811E-20,4.26577E-25,1.05273E-31,4.35519E-40,1.04789E-50,3.86761E-64,4.09004E-81,1.4991E-102,1.3333E-129,1.0118E-163,9.6839E-207,5.8017E-261,0,0,0,0,0,0,0,0,0
7.29675E-09,1.29569E-08,2.29991E-08,4.08052E-08,7.23541E-08,1.28199E-07,2.26935E-07,4.01237E-07,7.08361E-07,1.24823E-06,2.19435E-06,3.84617E-06,6.71621E-06,1.16728E-05,2.01673E-05,3.45841E-05,5.8752E-05,9.86343E-05,0.00016314,0.000264818,0.000419834,0.000646092,0.000957756,0.001354409,0.001805014,0.002232421,0.002513262,0.002513581,0.002165863,0.001547016,0.000872548,0.000365558,0.000105332,1.89458E-05,1.88287E-06,8.86696E-08,1.63077E-09,9.18211E-12,1.16499E-14,2.26445E-18,4.14865E-23,3.88664E-29,8.62229E-37,1.71845E-46,9.08275E-59,2.74006E-74,6.82229E-94,1.2287E-118,7.4686E-150,3.2333E-189,7.746E-239,2.2686E-301,0,0,0,0,0,0,0,0,0
7.29754E-09,1.29556E-08,2.29908E-08,4.0777E-08,7.22739E-08,1.2799E-07,2.26415E-07,3.99986E-07,7.05415E-07,1.2414E-06,2.17874E-06,3.81084E-06,6.63707E-06,1.14972E-05,1.97814E-05,3.37451E-05,5.69498E-05,9.48181E-05,0.000155198,0.000248632,0.000387695,0.000584317,0.000843733,0.001154367,0.001475709,0.001731979,0.001825405,0.001680166,0.00130404,0.000816583,0.000390249,0.000132716,2.94097E-05,3.80081E-06,2.49142E-07,6.94807E-09,6.60739E-11,1.62166E-13,7.23346E-17,3.77087E-21,1.31781E-26,1.53349E-33,2.46233E-42,1.79972E-53,1.48218E-67,2.37181E-85,8.0675E-108,3.5978E-136,6.3081E-172,5.2583E-217,8.0345E-274,0,0,0,0,0,0,0,0,0,0
7.29786E-09,1.29533E-08,2.29801E-08,4.07434E-08,7.21819E-08,1.27755E-07,2.25837E-07,3.98607E-07,7.02186E-07,1.23396E-06,2.16179E-06,3.77267E-06,6.55194E-06,1.13091E-05,1.93703E-05,3.2857E-05,5.50563E-05,9.08449E-05,0.00014702,0.000232198,0.000355632,0.000524021,0.000735454,0.000970837,0.001186396,0.001315617,0.001290993,0.001086082,0.000752722,0.00040874,0.000163254,4.42941E-05,7.38604E-06,6.67296E-07,2.78709E-08,4.4071E-10,2.05162E-12,2.04872E-15,2.94578E-19,3.69252E-24,2.14533E-30,2.60807E-38,2.43765E-48,4.96639E-61,4.51206E-77,2.4796E-97,6.6655E-123,3.6956E-155,7.8499E-196,4.2276E-247,0,0,0,0,0,0,0,0,0,0,0
7.29771E-09,1.29498E-08,2.29669E-08,4.07044E-08,7.20778E-08,1.27493E-07,2.252E-07,3.97098E-07,6.98676E-07,1.22591E-06,2.14354E-06,3.73173E-06,6.46102E-06,1.11093E-05,1.89359E-05,3.19243E-05,5.30836E-05,8.67456E-05,0.000138685,0.000215697,0.000324036,0.000465988,0.000634279,0.00080561,0.000937835,0.000978332,0.000888932,0.000678803,0.000416448,0.000193958,6.38552E-05,1.35838E-05,1.66751E-06,1.02452E-07,2.63351E-09,2.26013E-11,4.87479E-14,1.84802E-17,7.85013E-22,2.12001E-27,1.78333E-34,1.90314E-43,8.31688E-55,3.5847E-69,2.53874E-87,3.0946E-110,3.7916E-139,1.3072E-175,1.4062E-221,1.6318E-279,0,0,0,0,0,0,0,0,0,0,0
7.29707E-09,1.29453E-08,2.29514E-08,4.06601E-08,7.19619E-08,1.27204E-07,2.24506E-07,3.95462E-07,6.94889E-07,1.21726E-06,2.12402E-06,3.68811E-06,6.36455E-06,1.08983E-05,1.84798E-05,3.0952E-05,5.10441E-05,8.25513E-05,0.000130266,0.000199296,0.000293258,0.000410872,0.000541195,0.000659551,0.000728873,0.000712135,0.000595839,0.000410124,0.000220784,8.72275E-05,2.33442E-05,3.82599E-06,3.38227E-07,1.37453E-08,2.09986E-10,9.36044E-13,8.85043E-16,1.18802E-19,1.36571E-24,7.11551E-31,7.54146E-39,5.93073E-49,9.72203E-62,6.71773E-78,2.61567E-98,4.5566E-124,1.4632E-156,1.5628E-197,3.542E-249,0,0,0,0,0,0,0,0,0,0,0,0
7.29595E-09,1.29397E-08,2.29335E-08,4.06104E-08,7.18339E-08,1.26889E-07,2.23753E-07,3.937E-07,6.90828E-07,1.20802E-06,2.10324E-06,3.64188E-06,6.26279E-06,1.06768E-05,1.8004E-05,2.99449E-05,4.89505E-05,7.82929E-05,0.000121834,0.000183151,0.000263607,0.00035919,0.000456825,0.000532701,0.000556883,0.000507348,0.000388723,0.000239494,0.000112138,3.71669E-05,7.97346E-06,9.89262E-07,6.15987E-08,1.61029E-09,1.4116E-11,3.12701E-14,1.22596E-17,5.43278E-22,1.54745E-27,1.39199E-34,1.61636E-43,7.85572E-55,3.87068E-69,3.24421E-87,4.8886E-110,7.8228E-139,3.7742E-175,6.1986E-221,1.2253E-278,0,0,0,0,0,0,0,0,0,0,0,0
7.29434E-09,1.29331E-08,2.29131E-08,4.05552E-08,7.16941E-08,1.26548E-07,2.22942E-07,3.91811E-07,6.86495E-07,1.1982E-06,2.08125E-06,3.59314E-06,6.15599E-06,1.04456E-05,1.75104E-05,2.89081E-05,4.68153E-05,7.40004E-05,0.000113458,0.000167403,0.000235341,0.000311319,0.000381455,0.000424422,0.000418237,0.000353724,0.000246796,0.000135146,5.45527E-05,1.49998E-05,2.54354E-06,2.34703E-07,1.0067E-08,1.64603E-10,7.99256E-13,8.41613E-16,1.29372E-19,1.76392E-24,1.13926E-30,1.58244E-38,1.74922E-48,4.40194E-61,5.21746E-77,4.00727E-97,1.6418E-122,1.5474E-154,6.4099E-195,8.0032E-246,0,0,0,0,0,0,0,0,0,0,0,0,0
7.29224E-09,1.29253E-08,2.28903E-08,4.04947E-08,7.15422E-08,1.26181E-07,2.22074E-07,3.89798E-07,6.81894E-07,1.18782E-06,2.05807E-06,3.542E-06,6.04444E-06,1.02054E-05,1.7001E-05,2.78467E-05,4.46509E-05,6.97028E-05,0.000105201,0.000152176,0.000208667,0.000267504,0.000315071,0.000333548,0.000308734,0.000241317,0.00015246,7.36804E-05,2.54126E-05,5.73208E-06,7.57509E-07,5.10688E-08,1.47547E-09,1.467E-11,3.80803E-14,1.82275E-17,1.03848E-21,4.05855E-27,5.43674E-34,1.04225E-42,9.52195E-54,1.0385E-67,2.36678E-85,1.2565E-107,9.814E-136,3.4843E-171,7.0602E-216,3.3004E-272,0,0,0,0,0,0,0,0,0,0,0,0,0
7.28966E-09,1.29164E-08,2.2865E-08,4.04288E-08,7.13785E-08,1.25787E-07,2.21149E-07,3.87662E-07,6.77031E-07,1.17688E-06,2.03375E-06,3.48855E-06,5.92842E-06,9.95705E-06,1.64778E-05,2.67658E-05,4.24698E-05,6.5428E-05,9.71208E-05,0.000137578,0.000183743,0.000227866,0.000257405,0.000258543,0.000223981,0.000161073,9.16276E-05,3.88029E-05,1.13331E-05,2.07349E-06,2.10538E-07,1.01863E-08,1.93822E-10,1.13906E-12,1.52523E-15,3.17283E-19,6.33126E-24,6.60486E-30,1.67769E-37,3.96506E-47,2.5973E-59,1.02656E-74,3.59132E-94,9.9244E-119,1.0342E-149,8.8245E-189,4.9674E-238,4.2645E-300,0,0,0,0,0,0,0,0,0,0,0,0,0
7.28658E-09,1.29064E-08,2.28373E-08,4.03574E-08,7.12027E-08,1.25367E-07,2.20167E-07,3.85404E-07,6.71909E-07,1.1654E-06,2.00833E-06,3.43291E-06,5.80824E-06,9.70127E-06,1.59428E-05,2.56703E-05,4.02836E-05,6.1202E-05,8.92691E-05,0.000123695,0.000160676,0.000192411,0.000207991,0.000197645,0.000159683,0.000105175,5.35655E-05,1.97357E-05,4.83737E-06,7.0978E-07,5.45879E-08,1.8616E-09,2.2806E-11,7.6994E-14,5.13068E-17,4.43345E-21,2.92719E-26,7.58787E-33,3.33955E-41,8.68628E-52,3.53639E-65,4.23128E-82,1.8117E-103,1.9596E-130,1.9026E-164,2.4832E-207,2.1984E-261,0,0,0,0,0,0,0,0,0,0,0,0,0,0
7.283E-09,1.28954E-08,2.28071E-08,4.02806E-08,7.10151E-08,1.24921E-07,2.19129E-07,3.83026E-07,6.66532E-07,1.1534E-06,1.98184E-06,3.3752E-06,5.68421E-06,9.43892E-06,1.53983E-05,2.45655E-05,3.8104E-05,5.70489E-05,8.16913E-05,0.000110598,0.000139526,0.00016105,0.000166213,0.000149,0.000111862,6.71756E-05,3.04554E-05,9.69244E-06,1.97571E-06,2.29849E-07,1.31983E-08,3.11572E-10,2.40217E-12,4.52712E-15,1.44808E-18,4.96684E-23,1.02473E-28,6.14177E-36,4.27765E-45,1.0924E-56,2.39416E-71,7.23678E-90,3.02E-113,9.5981E-143,6.0519E-180,7.6695E-227,6.0264E-286,0,0,0,0,0,0,0,0,0,0,0,0,0,0
7.27893E-09,1.28832E-08,2.27745E-08,4.01984E-08,7.08156E-08,1.2445E-07,2.18036E-07,3.80529E-07,6.60907E-07,1.14088E-06,1.95433E-06,3.31553E-06,5.55664E-06,9.17081E-06,1.48461E-05,2.3456E-05,3.59416E-05,5.29907E-05,7.44263E-05,9.83377E-05,0.000120312,0.000133613,0.000131355,0.000110764,7.69917E-05,4.19624E-05,1.68382E-05,4.59538E-06,7.71946E-07,7.03919E-08,2.9746E-09,4.77326E-11,2.26359E-13,2.31368E-16,3.42581E-20,4.4558E-25,2.712E-31,3.49571E-39,3.51716E-49,7.86232E-62,8.02798E-78,5.11056E-98,1.6531E-123,1.1571E-155,3.2957E-196,2.5679E-247,0,0,0,0,0,0,0,0,0,0,0,0,0,0,0
7.27436E-09,1.28699E-08,2.27394E-08,4.01108E-08,7.06043E-08,1.23952E-07,2.16887E-07,3.77915E-07,6.55039E-07,1.12787E-06,1.92585E-06,3.25402E-06,5.42587E-06,8.89778E-06,1.42884E-05,2.23467E-05,3.38068E-05,4.90474E-05,6.75059E-05,8.69472E-05,0.000103014,0.000109869,0.000102652,8.11874E-05,5.20593E-05,2.56334E-05,9.05135E-06,2.10296E-06,2.88463E-07,2.03812E-08,6.24674E-10,6.69023E-12,1.90704E-14,1.02698E-17,6.78666E-22,3.19695E-27,5.41763E-34,1.39632E-42,1.85169E-53,3.22832E-67,1.32803E-84,1.4828E-106,2.9531E-134,3.4063E-169,3.0425E-213,9.2051E-269,0,0,0,0,0,0,0,0,0,0,0,0,0,0,0
7.26929E-09,1.28555E-08,2.27019E-08,4.00177E-08,7.03811E-08,1.23429E-07,2.15683E-07,3.75186E-07,6.48932E-07,1.11438E-06,1.89644E-06,3.1908E-06,5.29222E-06,8.62066E-06,1.37271E-05,2.12421E-05,3.1709E-05,4.52362E-05,6.09552E-05,7.64436E-05,8.75791E-05,8.95407E-05,7.93231E-05,5.8671E-05,3.45782E-05,1.53107E-05,4.72984E-06,9.28702E-07,1.03068E-07,5.57734E-09,1.22186E-10,8.57475E-13,1.43554E-15,3.95595E-19,1.12471E-23,1.83217E-29,8.15612E-37,3.90646E-46,6.22651E-58,7.53863E-73,1.07952E-91,1.7589E-115,1.7107E-145,2.4295E-183,4.7142E-231,3.4888E-291,0,0,0,0,0,0,0,0,0,0,0,0,0,0,0
7.26372E-09,1.284E-08,2.26619E-08,3.99193E-08,7.01462E-08,1.22881E-07,2.14426E-07,3.72344E-07,6.42594E-07,1.10043E-06,1.86614E-06,3.12601E-06,5.15603E-06,8.34029E-06,1.31642E-05,2.01466E-05,2.9657E-05,4.15721E-05,5.47926E-05,6.68286E-05,7.39265E-05,7.23199E-05,6.06057E-05,4.17991E-05,2.25586E-05,8.94069E-06,2.4023E-06,3.95704E-07,3.52028E-08,1.44204E-09,2.22515E-11,1.00447E-13,9.64922E-17,1.32137E-20,1.55767E-25,8.37661E-32,9.23891E-40,7.63935E-50,1.33392E-62,9.97972E-79,4.2948E-99,8.4862E-125,3.1936E-157,4.1649E-198,1.2137E-249,0,0,0,0,0,0,0,0,0,0,0,0,0,0,0,0
7.25764E-09,1.28233E-08,2.26194E-08,3.98154E-08,6.98995E-08,1.22308E-07,2.13115E-07,3.69391E-07,6.3603E-07,1.08603E-06,1.83501E-06,3.05977E-06,5.01764E-06,8.05749E-06,1.26017E-05,1.90642E-05,2.76586E-05,3.80675E-05,4.90304E-05,5.80905E-05,6.19556E-05,5.78852E-05,4.57807E-05,2.93552E-05,1.44539E-05,5.10364E-06,1.18572E-06,1.62639E-07,1.14906E-08,3.52158E-10,3.7713E-12,1.07489E-14,5.78776E-18,3.82415E-22,1.80105E-27,3.05132E-34,7.86184E-43,1.04215E-53,1.816E-67,7.46561E-85,8.329E-107,1.6571E-134,1.9089E-169,1.7023E-213,5.1398E-269,0,0,0,0,0,0,0,0,0,0,0,0,0,0,0,0
7.25105E-09,1.28055E-08,2.25745E-08,3.97062E-08,6.96413E-08,1.21709E-07,2.11752E-07,3.6633E-07,6.29248E-07,1.07121E-06,1.80311E-06,2.99221E-06,4.87738E-06,7.77308E-06,1.20414E-05,1.79989E-05,2.57208E-05,3.47323E-05,4.36747E-05,5.02061E-05,5.15493E-05,4.59122E-05,3.41883E-05,2.03209E-05,9.09439E-06,2.84751E-06,5.68654E-07,6.4469E-08,3.58351E-09,8.1203E-11,5.94622E-13,1.05024E-15,3.09593E-19,9.58141E-24,1.73679E-29,8.84439E-37,5.01756E-46,9.8973E-58,1.56709E-72,3.14581E-91,7.8419E-115,1.3028E-144,3.6301E-182,1.6455E-229,3.544E-289,0,0,0,0,0,0,0,0,0,0,0,0,0,0,0,0
7.24396E-09,1.27867E-08,2.25271E-08,3.95916E-08,6.93714E-08,1.21086E-07,2.10337E-07,3.63162E-07,6.22254E-07,1.05598E-06,1.77047E-06,2.92347E-06,4.73559E-06,7.48786E-06,1.1485E-05,1.69541E-05,2.38497E-05,3.15743E-05,3.87261E-05,4.31421E-05,4.25805E-05,3.6084E-05,2.5239E-05,1.38645E-05,5.61871E-06,1.55264E-06,2.64941E-07,2.46411E-08,1.06748E-09,1.76741E-11,8.7183E-14,9.36434E-17,1.47589E-20,2.07661E-25,1.39539E-31,2.03726E-39,2.39783E-49,6.53026E-62,8.5495E-78,7.44236E-98,3.5698E-123,4.103E-155,2.182E-195,3.7314E-246,0,0,0,0,0,0,0,0,0,0,0,0,0,0,0,0,0
7.23636E-09,1.27667E-08,2.24772E-08,3.94716E-08,6.909E-08,1.20439E-07,2.08871E-07,3.59891E-07,6.15055E-07,1.04037E-06,1.73716E-06,2.85369E-06,4.59262E-06,7.2026E-06,1.09343E-05,1.59331E-05,2.20505E-05,2.85985E-05,3.41802E-05,3.68575E-05,3.4916E-05,2.81001E-05,1.84178E-05,9.32248E-06,3.40822E-06,8.2726E-07,1.19899E-07,9.07953E-09,3.03661E-10,3.62989E-12,1.18819E-14,7.61573E-18,6.26634E-22,3.89002E-27,9.3308E-34,3.72443E-42,8.56625E-53,2.98726E-66,2.94123E-83,9.8532E-105,7.825E-132,5.1494E-166,4.1188E-209,1.9686E-263,0,0,0,0,0,0,0,0,0,0,0,0,0,0,0,0,0
7.22825E-09,1.27455E-08,2.24249E-08,3.93464E-08,6.87972E-08,1.19767E-07,2.07355E-07,3.56518E-07,6.07658E-07,1.0244E-06,1.70322E-06,2.78301E-06,4.44877E-06,6.91807E-06,1.03907E-05,1.49389E-05,2.03275E-05,2.58079E-05,3.00285E-05,3.13051E-05,2.84216E-05,2.16811E-05,1.32845E-05,6.17721E-06,2.02956E-06,4.30645E-07,5.26957E-08,3.22456E-09,8.24666E-11,7.03228E-13,1.50459E-15,5.64628E-19,2.36802E-23,6.29308E-29,5.18759E-36,5.39679E-45,2.28397E-56,9.45453E-71,6.36387E-89,7.2761E-112,8.2248E-141,2.5619E-177,2.4255E-223,2.3965E-281,0,0,0,0,0,0,0,0,0,0,0,0,0,0,0,0,0
7.21962E-09,1.27233E-08,2.23701E-08,3.92157E-08,6.8493E-08,1.19072E-07,2.0579E-07,3.53046E-07,6.00072E-07,1.00807E-06,1.66872E-06,2.71155E-06,4.3044E-06,6.63501E-06,9.85593E-06,1.3974E-05,1.86841E-05,2.32036E-05,2.62584E-05,2.64336E-05,2.29647E-05,1.65736E-05,9.47032E-06,4.03319E-06,1.18635E-06,2.19001E-07,2.24883E-08,1.10354E-09,2.13754E-11,1.28469E-13,1.76951E-16,3.81418E-20,7.95943E-25,8.78468E-31,2.3954E-38,6.19012E-48,4.53726E-60,2.06596E-75,8.63715E-95,2.987E-119,4.1282E-150,5.0263E-189,4.4265E-238,6.6757E-300,0,0,0,0,0,0,0,0,0,0,0,0,0,0,0,0,0
7.21049E-09,1.26999E-08,2.23128E-08,3.90798E-08,6.81776E-08,1.18353E-07,2.04176E-07,3.49479E-07,5.92303E-07,9.91427E-07,1.6337E-06,2.63947E-06,4.15982E-06,6.3541E-06,9.33124E-06,1.30408E-05,1.71228E-05,2.07845E-05,2.28542E-05,2.21888E-05,1.84182E-05,1.25513E-05,6.67219E-06,2.59457E-06,6.8064E-07,1.08784E-07,9.31719E-09,3.63854E-10,5.28664E-12,2.21238E-14,1.93198E-17,2.34638E-21,2.378E-26,1.05724E-32,9.17697E-41,5.61271E-51,6.70461E-64,3.1103E-80,7.3337E-101,6.7941E-127,9.8527E-160,3.8682E-201,2.4869E-253,0,0,0,0,0,0,0,0,0,0,0,0,0,0,0,0,0,0
7.20084E-09,1.26753E-08,2.22531E-08,3.89387E-08,6.78509E-08,1.1761E-07,2.02515E-07,3.45819E-07,5.8436E-07,9.74479E-07,1.59823E-06,2.56689E-06,4.01534E-06,6.07603E-06,8.81791E-06,1.21412E-05,1.56455E-05,1.85481E-05,1.97977E-05,1.85154E-05,1.46618E-05,9.41611E-06,4.64545E-06,1.64438E-06,3.83235E-07,5.27736E-08,3.74704E-09,1.15557E-10,1.24727E-12,3.59031E-15,1.95743E-18,1.31377E-22,6.3108E-28,1.09607E-34,2.91382E-43,4.01766E-54,7.3569E-68,3.21925E-85,3.8852E-107,8.5334E-135,1.1134E-169,1.1615E-213,4.2722E-269,0,0,0,0,0,0,0,0,0,0,0,0,0,0,0,0,0,0
7.19067E-09,1.26497E-08,2.2191E-08,3.87923E-08,6.75133E-08,1.16845E-07,2.00808E-07,3.42069E-07,5.76252E-07,9.57251E-07,1.56235E-06,2.49394E-06,3.87127E-06,5.80142E-06,8.31712E-06,1.12768E-05,1.42528E-05,1.649E-05,1.70689E-05,1.53581E-05,1.15841E-05,6.99754E-06,3.19604E-06,1.02666E-06,2.11745E-07,2.50002E-08,1.46249E-09,3.53425E-11,2.80633E-13,5.48864E-16,1.83957E-19,6.69166E-24,1.48663E-29,9.78029E-37,7.65956E-46,2.26732E-57,5.98436E-72,2.28586E-90,1.2808E-113,5.8984E-143,5.9325E-180,1.3534E-226,2.2291E-285,0,0,0,0,0,0,0,0,0,0,0,0,0,0,0,0,0,0
7.17999E-09,1.26229E-08,2.21264E-08,3.86407E-08,6.71646E-08,1.16057E-07,1.99056E-07,3.38232E-07,5.67986E-07,9.39764E-07,1.52613E-06,2.42077E-06,3.7279E-06,5.53089E-06,7.8299E-06,1.0449E-05,1.29452E-05,1.46049E-05,1.46462E-05,1.2663E-05,9.08355E-06,5.15093E-06,2.17266E-06,6.31392E-07,1.14792E-07,1.15634E-08,5.53891E-10,1.04073E-11,6.01999E-14,7.90155E-17,1.60289E-20,3.09887E-25,3.10652E-31,7.50477E-39,1.66514E-48,1.00739E-60,3.60244E-76,1.11108E-95,2.6201E-120,2.236E-151,1.4839E-190,6.0867E-240,3.5082E-302,0,0,0,0,0,0,0,0,0,0,0,0,0,0,0,0,0,0
7.1688E-09,1.2595E-08,2.20594E-08,3.84839E-08,6.68052E-08,1.15247E-07,1.9726E-07,3.34311E-07,5.59571E-07,9.22041E-07,1.48961E-06,2.3475E-06,3.58553E-06,5.26498E-06,7.35716E-06,9.65867E-06,1.17219E-05,1.28861E-05,1.25072E-05,1.03779E-05,7.06879E-06,3.7555E-06,1.45928E-06,3.82456E-07,6.10537E-08,5.22134E-09,2.0352E-10,2.95005E-12,1.23087E-14,1.07084E-17,1.29439E-21,1.30404E-26,5.75433E-33,4.94789E-41,2.99041E-51,3.51912E-64,1.60207E-80,3.6889E-101,3.317E-127,4.6328E-160,1.7348E-201,1.0508E-253,0,0,0,0,0,0,0,0,0,0,0,0,0,0,0,0,0,0,0
7.15708E-09,1.2566E-08,2.199E-08,3.83219E-08,6.6435E-08,1.14415E-07,1.95421E-07,3.3031E-07,5.51015E-07,9.04104E-07,1.45286E-06,2.27426E-06,3.44442E-06,5.00423E-06,6.89971E-06,8.90658E-06,1.05821E-05,1.13261E-05,1.06292E-05,8.45373E-06,5.45901E-06,2.71187E-06,9.68323E-07,2.28158E-07,3.18545E-08,2.30131E-09,7.25379E-11,8.04766E-13,2.39812E-15,1.36568E-18,9.68285E-23,4.98376E-28,9.44204E-35,2.8004E-43,4.43166E-54,9.65201E-68,5.25427E-85,8.3476E-107,2.5916E-134,5.228E-169,9.4383E-213,6.9252E-268,0,0,0,0,0,0,0,0,0,0,0,0,0,0,0,0,0,0,0
7.14485E-09,1.25359E-08,2.19182E-08,3.81549E-08,6.60542E-08,1.13562E-07,1.9354E-07,3.26231E-07,5.42328E-07,8.85977E-07,1.41593E-06,2.20118E-06,3.30483E-06,4.7491E-06,6.45822E-06,8.19312E-06,9.52382E-06,9.91666E-06,8.98946E-06,6.84435E-06,4.18352E-06,1.93939E-06,6.34757E-07,1.34037E-07,1.63018E-08,9.89928E-10,2.50739E-11,2.11235E-13,4.4509E-16,1.63845E-19,6.70705E-24,1.72886E-29,1.37146E-36,1.35942E-45,5.41346E-57,2.07561E-71,1.26861E-89,1.2846E-112,1.2462E-141,3.2021E-178,2.3792E-224,1.7327E-282,0,0,0,0,0,0,0,0,0,0,0,0,0,0,0,0,0,0,0
7.1321E-09,1.25046E-08,2.18439E-08,3.79828E-08,6.56629E-08,1.12688E-07,1.91618E-07,3.22079E-07,5.33519E-07,8.67681E-07,1.37888E-06,2.12838E-06,3.16703E-06,4.50004E-06,6.03325E-06,7.5184E-06,8.54506E-06,8.64902E-06,7.56567E-06,5.50741E-06,3.18134E-06,1.37351E-06,4.11026E-07,7.7537E-08,8.18205E-09,4.15533E-10,8.4043E-12,5.33359E-14,7.86723E-17,1.84852E-20,4.29987E-25,5.44075E-31,1.76214E-38,5.65509E-48,5.44467E-60,3.49465E-75,2.25094E-94,1.3414E-118,3.6776E-149,1.0607E-187,2.7663E-236,1.6366E-297,0,0,0,0,0,0,0,0,0,0,0,0,0,0,0,0,0,0,0
7.11884E-09,1.24722E-08,2.17673E-08,3.78056E-08,6.52614E-08,1.11793E-07,1.89657E-07,3.17855E-07,5.24596E-07,8.49239E-07,1.34175E-06,2.05597E-06,3.03123E-06,4.25742E-06,5.62525E-06,6.88231E-06,7.64319E-06,7.51407E-06,6.3362E-06,4.40432E-06,2.40049E-06,9.63258E-07,2.62891E-07,4.41622E-08,4.02716E-09,1.70184E-10,2.73103E-12,1.29519E-14,1.32395E-17,1.96051E-21,2.55024E-26,1.55241E-32,2.00138E-40,2.01412E-50,4.50369E-63,4.60024E-79,2.9298E-99,9.4825E-125,6.6419E-157,1.8935E-197,1.477E-248,0,0,0,0,0,0,0,0,0,0,0,0,0,0,0,0,0,0,0,0
7.10505E-09,1.24387E-08,2.16882E-08,3.76235E-08,6.48496E-08,1.10878E-07,1.87658E-07,3.13565E-07,5.15568E-07,8.30674E-07,1.3046E-06,1.98407E-06,2.89767E-06,4.02161E-06,5.23455E-06,6.28446E-06,6.81524E-06,6.5025E-06,5.2804E-06,3.50034E-06,1.79718E-06,6.68922E-07,1.66071E-07,2.47634E-08,1.94355E-09,6.79962E-11,8.60235E-13,3.02421E-15,2.12066E-18,1.95394E-22,1.39866E-27,4.01381E-34,2.0079E-42,6.13624E-53,3.06036E-66,4.72773E-83,2.7924E-104,4.5282E-131,7.32E-165,1.8152E-207,3.6051E-261,0,0,0,0,0,0,0,0,0,0,0,0,0,0,0,0,0,0,0,0
7.09075E-09,1.24041E-08,2.16069E-08,3.74365E-08,6.44278E-08,1.09944E-07,1.85622E-07,3.09211E-07,5.06445E-07,8.12008E-07,1.26749E-06,1.91279E-06,2.76654E-06,3.79291E-06,4.86137E-06,5.72429E-06,6.05797E-06,5.60497E-06,4.37872E-06,2.76457E-06,1.33494E-06,4.59943E-07,1.03608E-07,1.36693E-08,9.19616E-10,2.64995E-11,2.62601E-13,6.78817E-16,3.23219E-19,1.82933E-23,7.09005E-29,9.39856E-36,1.77812E-44,1.5977E-55,1.70643E-69,3.78789E-87,1.9453E-109,1.4573E-137,4.909E-173,9.3101E-218,4.0042E-274,0,0,0,0,0,0,0,0,0,0,0,0,0,0,0,0,0,0,0,0
7.07593E-09,1.23683E-08,2.15231E-08,3.72445E-08,6.39962E-08,1.0899E-07,1.83551E-07,3.04797E-07,4.97236E-07,7.93265E-07,1.23046E-06,1.84224E-06,2.63804E-06,3.57157E-06,4.50583E-06,5.20102E-06,5.36791E-06,4.81219E-06,3.61293E-06,2.16976E-06,9.83776E-07,3.13115E-07,6.38328E-08,7.42717E-09,4.26558E-10,1.0072E-11,7.76756E-14,1.46439E-16,4.68623E-20,1.60826E-24,3.32044E-30,1.99191E-37,1.3889E-46,3.55195E-58,7.79856E-73,2.36257E-91,9.8874E-115,3.1536E-144,1.9974E-181,2.5457E-228,2.0146E-287,0,0,0,0,0,0,0,0,0,0,0,0,0,0,0,0,0,0,0,0
7.06059E-09,1.23315E-08,2.1437E-08,3.70478E-08,6.35549E-08,1.08017E-07,1.81446E-07,3.00327E-07,4.8795E-07,7.74465E-07,1.19356E-06,1.77252E-06,2.51234E-06,3.35781E-06,4.16795E-06,4.7137E-06,4.7414E-06,4.11509E-06,2.96612E-06,1.6922E-06,7.19236E-07,2.11032E-07,3.8834E-08,3.9719E-09,1.93937E-10,3.73297E-12,2.22588E-14,3.03547E-17,6.46136E-21,1.32722E-25,1.43598E-31,3.8188E-39,9.56218E-49,6.73623E-61,2.91774E-76,1.14546E-95,3.6598E-120,4.5781E-151,4.9167E-190,3.6971E-239,4.5701E-301,0,0,0,0,0,0,0,0,0,0,0,0,0,0,0,0,0,0,0,0
7.04473E-09,1.22935E-08,2.13486E-08,3.68462E-08,6.3104E-08,1.07026E-07,1.79308E-07,2.95804E-07,4.78596E-07,7.55631E-07,1.15684E-06,1.70372E-06,2.38959E-06,3.15181E-06,3.84767E-06,4.26124E-06,4.17469E-06,3.50487E-06,2.42284E-06,1.31137E-06,5.21636E-07,1.40804E-07,2.33274E-08,2.09041E-09,8.64181E-11,1.34894E-12,6.17829E-15,6.04443E-18,8.46976E-22,1.02776E-26,5.73202E-33,6.61883E-41,5.79824E-51,1.08878E-63,8.92645E-80,4.3106E-100,9.8471E-126,4.4482E-158,7.3003E-199,2.8415E-250,0,0,0,0,0,0,0,0,0,0,0,0,0,0,0,0,0,0,0,0,0
7.02836E-09,1.22545E-08,2.12579E-08,3.664E-08,6.26437E-08,1.06018E-07,1.77139E-07,2.91232E-07,4.69184E-07,7.36784E-07,1.12035E-06,1.63593E-06,2.26995E-06,2.9537E-06,3.54482E-06,3.84242E-06,3.66394E-06,2.97312E-06,1.96903E-06,1.00977E-06,3.75288E-07,9.29985E-08,1.38349E-08,1.08263E-09,3.77362E-11,4.75183E-13,1.66074E-15,1.15596E-18,1.0552E-22,7.46517E-28,2.11091E-34,1.03651E-42,3.09433E-53,1.49842E-66,2.23047E-83,1.2573E-104,1.9223E-131,2.8858E-165,6.519E-208,1.1514E-261,0,0,0,0,0,0,0,0,0,0,0,0,0,0,0,0,0,0,0,0,0
7.01146E-09,1.22143E-08,2.11649E-08,3.6429E-08,6.21743E-08,1.04992E-07,1.74939E-07,2.86615E-07,4.59723E-07,7.17947E-07,1.08414E-06,1.56925E-06,2.15353E-06,2.76357E-06,3.25917E-06,3.45589E-06,3.20533E-06,2.51182E-06,1.59206E-06,7.72543E-07,2.6782E-07,6.08002E-08,8.10036E-09,5.51707E-10,1.61461E-11,1.63155E-13,4.32235E-16,2.12271E-19,1.24908E-23,5.08422E-29,7.16846E-36,1.46572E-44,1.45225E-55,1.75423E-69,4.54659E-87,2.8378E-109,2.7177E-137,1.2471E-172,3.4905E-217,2.4504E-273,0,0,0,0,0,0,0,0,0,0,0,0,0,0,0,0,0,0,0,0,0
6.99406E-09,1.21731E-08,2.10696E-08,3.62135E-08,6.16959E-08,1.0395E-07,1.72712E-07,2.81957E-07,4.50222E-07,6.9914E-07,1.04824E-06,1.50373E-06,2.04045E-06,2.58149E-06,2.99042E-06,3.10025E-06,2.79503E-06,2.11345E-06,1.28066E-06,5.87234E-07,1.89575E-07,3.93439E-08,4.6819E-09,2.76612E-10,6.76839E-12,5.45933E-14,1.08904E-16,3.74188E-20,1.40443E-24,3.2455E-30,2.24374E-37,1.87044E-46,5.98955E-58,1.74535E-72,7.55136E-91,4.9496E-114,2.7771E-143,3.5815E-180,1.1173E-226,2.7289E-285,0,0,0,0,0,0,0,0,0,0,0,0,0,0,0,0,0,0,0,0,0
6.97613E-09,1.21307E-08,2.0972E-08,3.59934E-08,6.12086E-08,1.02891E-07,1.70457E-07,2.7726E-07,4.40689E-07,6.80383E-07,1.0127E-06,1.43947E-06,1.93079E-06,2.40746E-06,2.73818E-06,2.77401E-06,2.42932E-06,1.77097E-06,1.02485E-06,4.43477E-07,1.33093E-07,2.5198E-08,2.67113E-09,1.36435E-10,2.77943E-12,1.77999E-14,2.65573E-17,6.33048E-21,1.49947E-25,1.94109E-31,6.46991E-39,2.15276E-48,2.16917E-60,1.47437E-75,1.02068E-94,6.6605E-119,2.0473E-149,6.8187E-188,2.1316E-236,1.5841E-297,0,0,0,0,0,0,0,0,0,0,0,0,0,0,0,0,0,0,0,0,0
6.95769E-09,1.20873E-08,2.08722E-08,3.57688E-08,6.07128E-08,1.01817E-07,1.68177E-07,2.7253E-07,4.31135E-07,6.61697E-07,9.77565E-07,1.37653E-06,1.82465E-06,2.24148E-06,2.50203E-06,2.47564E-06,2.10454E-06,1.47786E-06,8.15882E-07,3.32725E-07,9.26723E-08,1.59715E-08,1.50415E-09,6.61965E-11,1.11796E-12,5.65411E-15,6.26705E-18,1.02761E-21,1.51973E-26,1.0873E-32,1.71789E-40,2.23327E-50,6.89295E-63,1.05643E-78,1.12139E-98,6.9046E-124,1.0867E-155,8.5855E-196,2.4163E-246,0,0,0,0,0,0,0,0,0,0,0,0,0,0,0,0,0,0,0,0,0,0
6.93874E-09,1.20428E-08,2.07702E-08,3.55398E-08,6.02085E-08,1.00728E-07,1.65873E-07,2.67769E-07,4.21568E-07,6.43101E-07,9.42865E-07,1.31497E-06,1.72208E-06,2.08349E-06,2.2815E-06,2.20357E-06,1.81717E-06,1.22815E-06,6.46132E-07,2.47992E-07,6.39942E-08,1.00181E-08,8.3594E-10,3.15902E-11,4.40397E-13,1.74951E-15,1.43085E-18,1.60013E-22,1.46169E-27,5.70195E-34,4.19807E-42,2.08695E-52,1.92041E-65,6.4145E-82,1.0002E-102,5.5055E-129,4.1455E-162,7.1316E-204,1.6226E-256,0,0,0,0,0,0,0,0,0,0,0,0,0,0,0,0,0,0,0,0,0,0
6.91928E-09,1.19972E-08,2.0666E-08,3.53064E-08,5.9696E-08,9.96239E-08,1.63546E-07,2.62982E-07,4.11997E-07,6.24615E-07,9.0864E-07,1.25484E-06,1.62313E-06,1.93341E-06,2.07605E-06,1.95624E-06,1.56383E-06,1.01637E-06,5.09012E-07,1.83616E-07,4.38234E-08,6.21821E-09,4.58473E-10,1.48264E-11,1.69885E-13,5.27232E-16,3.16003E-19,2.38952E-23,1.33373E-28,2.79833E-35,9.43733E-44,1.75565E-54,4.68728E-68,3.29719E-85,7.2334E-107,3.3713E-134,1.1342E-168,3.8985E-212,6.434E-267,0,0,0,0,0,0,0,0,0,0,0,0,0,0,0,0,0,0,0,0,0,0
6.8993E-09,1.19506E-08,2.05596E-08,3.50688E-08,5.91755E-08,9.85064E-08,1.61199E-07,2.58173E-07,4.02431E-07,6.06257E-07,8.74924E-07,1.1962E-06,1.52783E-06,1.79115E-06,1.88512E-06,1.73206E-06,1.34133E-06,8.37581E-07,3.98873E-07,1.35048E-07,2.97595E-08,3.81903E-09,2.48126E-10,6.84295E-12,6.41663E-14,1.54723E-16,6.74947E-20,3.42129E-24,1.15418E-29,1.28471E-36,1.95064E-45,1.32878E-56,1.00149E-70,1.43336E-88,4.2364E-111,1.583E-139,2.2214E-175,1.399E-220,1.5019E-277,0,0,0,0,0,0,0,0,0,0,0,0,0,0,0,0,0,0,0,0,0,0
6.87881E-09,1.19028E-08,2.04511E-08,3.4827E-08,5.86472E-08,9.73755E-08,1.58832E-07,2.53345E-07,3.92878E-07,5.88045E-07,8.4175E-07,1.13909E-06,1.43621E-06,1.65656E-06,1.70812E-06,1.52949E-06,1.14662E-06,6.87327E-07,3.10905E-07,9.86625E-08,2.0039E-08,2.32072E-09,1.32501E-10,3.1055E-12,2.3727E-14,4.42087E-17,1.39394E-20,4.69549E-25,9.4695E-31,5.51531E-38,3.70526E-47,9.04228E-59,1.87165E-73,5.26458E-92,2.0067E-115,5.6902E-145,3.108E-182,3.2874E-229,2.0574E-288,0,0,0,0,0,0,0,0,0,0,0,0,0,0,0,0,0,0,0,0,0,0
6.85782E-09,1.18541E-08,2.03405E-08,3.4581E-08,5.81113E-08,9.6232E-08,1.56447E-07,2.48501E-07,3.83347E-07,5.69996E-07,8.09146E-07,1.08355E-06,1.34826E-06,1.5295E-06,1.54445E-06,1.34698E-06,9.76868E-07,5.61631E-07,2.41042E-07,7.15954E-08,1.33795E-08,1.39524E-09,6.98094E-11,1.38566E-12,8.58836E-15,1.22968E-17,2.78307E-21,6.17555E-26,7.36369E-32,2.21319E-39,6.46477E-49,5.52893E-61,3.05709E-76,1.63205E-95,7.6784E-120,1.5634E-150,3.1004E-189,5.0457E-238,1.6486E-299,0,0,0,0,0,0,0,0,0,0,0,0,0,0,0,0,0,0,0,0,0,0
6.83632E-09,1.18043E-08,2.02277E-08,3.4331E-08,5.75681E-08,9.50764E-08,1.54046E-07,2.43646E-07,3.73847E-07,5.52127E-07,7.77143E-07,1.02961E-06,1.26399E-06,1.40977E-06,1.39347E-06,1.18306E-06,8.2942E-07,4.5696E-07,1.85873E-07,5.16024E-08,8.85703E-09,8.29848E-10,3.6285E-11,6.07819E-13,3.04265E-15,3.32915E-18,5.37064E-22,7.7815E-27,5.42549E-33,8.29805E-41,1.03552E-50,3.03574E-63,4.36064E-79,4.266E-99,2.3702E-124,3.278E-156,2.2006E-196,5.0456E-247,0,0,0,0,0,0,0,0,0,0,0,0,0,0,0,0,0,0,0,0,0,0,0
6.81431E-09,1.17534E-08,2.01129E-08,3.40771E-08,5.70177E-08,9.39093E-08,1.5163E-07,2.38784E-07,3.64385E-07,5.34454E-07,7.45765E-07,9.77297E-07,1.18338E-06,1.2972E-06,1.25454E-06,1.03626E-06,7.01823E-07,3.70199E-07,1.42555E-07,3.69393E-08,5.81304E-09,4.88257E-10,1.86046E-11,2.62084E-13,1.0549E-15,8.77132E-19,1.00152E-22,9.39144E-28,3.78631E-34,2.90581E-42,1.52201E-52,1.49578E-65,5.42747E-82,9.3928E-103,5.8952E-129,5.2364E-162,1.1091E-203,3.2787E-256,0,0,0,0,0,0,0,0,0,0,0,0,0,0,0,0,0,0,0,0,0,0,0
6.7918E-09,1.17015E-08,1.9996E-08,3.38192E-08,5.64605E-08,9.27313E-08,1.49201E-07,2.33918E-07,3.54969E-07,5.16993E-07,7.15037E-07,9.26635E-07,1.10639E-06,1.19155E-06,1.127E-06,9.05198E-07,5.91814E-07,2.98613E-07,1.08738E-07,2.62617E-08,3.78236E-09,2.84164E-10,9.40939E-12,1.11074E-13,3.57877E-16,2.24862E-19,1.80441E-23,1.08535E-28,2.502E-35,9.49974E-44,2.05165E-54,6.60947E-68,5.8897E-85,1.7402E-106,1.1798E-133,6.3627E-168,3.9611E-211,1.381E-265,0,0,0,0,0,0,0,0,0,0,0,0,0,0,0,0,0,0,0,0,0,0,0
6.76879E-09,1.16486E-08,1.98771E-08,3.35575E-08,5.58966E-08,9.15431E-08,1.4676E-07,2.29051E-07,3.45607E-07,4.99757E-07,6.84979E-07,8.7764E-07,1.03299E-06,1.09262E-06,1.01023E-06,7.88542E-07,4.97324E-07,2.39822E-07,8.24886E-08,1.8542E-08,2.43973E-09,1.6358E-10,4.69366E-12,4.62637E-14,1.18785E-16,5.60808E-20,3.14023E-24,1.20078E-29,1.56498E-36,2.89822E-45,2.53506E-56,2.61746E-70,5.56777E-88,2.71E-110,1.8976E-138,5.871E-174,1.0004E-218,3.7602E-275,0,0,0,0,0,0,0,0,0,0,0,0,0,0,0,0,0,0,0,0,0,0,0
6.74528E-09,1.15947E-08,1.97562E-08,3.32921E-08,5.53262E-08,9.03453E-08,1.44309E-07,2.24188E-07,3.36307E-07,4.82761E-07,6.55612E-07,8.30321E-07,9.63116E-07,1.00015E-06,9.03565E-07,6.85021E-07,4.16467E-07,1.91763E-07,6.22313E-08,1.30008E-08,1.55998E-09,9.31338E-11,2.30906E-12,1.89358E-14,3.85692E-17,1.36047E-20,5.27778E-25,1.27145E-30,9.2627E-38,8.24796E-47,2.86977E-58,9.2837E-73,4.58143E-91,3.5438E-114,2.4494E-143,4.1071E-180,1.783E-226,6.6017E-285,0,0,0,0,0,0,0,0,0,0,0,0,0,0,0,0,0,0,0,0,0,0,0
6.72127E-09,1.15398E-08,1.96333E-08,3.30231E-08,5.47497E-08,8.91385E-08,1.41849E-07,2.19331E-07,3.27076E-07,4.66018E-07,6.26953E-07,7.84684E-07,8.96721E-07,9.13897E-07,8.06378E-07,5.93437E-07,3.47535E-07,1.5266E-07,4.66886E-08,9.05201E-09,9.88719E-10,5.24406E-11,1.1202E-12,7.6154E-15,1.22492E-17,3.2097E-21,8.56467E-26,1.28814E-31,5.18595E-39,2.18863E-48,2.97475E-60,2.94713E-75,3.27859E-94,3.8873E-118,2.534E-148,2.1746E-186,2.2378E-234,7.4535E-295,0,0,0,0,0,0,0,0,0,0,0,0,0,0,0,0,0,0,0,0,0,0,0
6.69677E-09,1.14838E-08,1.95085E-08,3.27505E-08,5.41672E-08,8.79234E-08,1.39383E-07,2.14485E-07,3.17921E-07,4.49539E-07,5.99017E-07,7.4073E-07,8.33734E-07,8.33612E-07,7.18046E-07,5.12659E-07,2.88992E-07,1.20992E-07,3.48325E-08,6.25841E-09,6.21123E-10,2.92001E-11,5.35869E-13,3.00901E-15,3.80462E-18,7.36328E-22,1.34168E-26,1.24835E-32,2.74559E-40,5.41288E-50,2.82205E-62,8.36806E-78,2.0388E-97,3.5729E-122,2.0984E-153,8.6996E-193,1.9737E-242,5.3971E-305,0,0,0,0,0,0,0,0,0,0,0,0,0,0,0,0,0,0,0,0,0,0,0
6.67177E-09,1.14269E-08,1.93818E-08,3.24744E-08,5.35791E-08,8.67005E-08,1.36911E-07,2.09653E-07,3.0885E-07,4.33338E-07,5.71817E-07,6.98455E-07,7.74077E-07,7.5903E-07,6.37961E-07,4.41631E-07,2.3946E-07,9.54655E-08,2.58414E-08,4.29644E-09,3.86733E-10,1.60778E-11,2.52746E-13,1.16797E-15,1.15555E-18,1.64223E-22,2.02849E-27,1.15693E-33,1.37408E-41,1.24717E-51,2.44883E-64,2.12375E-80,1.1008E-100,2.7488E-126,1.389E-158,2.6253E-199,1.2206E-250,0,0,0,0,0,0,0,0,0,0,0,0,0,0,0,0,0,0,0,0,0,0,0,0
6.64629E-09,1.1369E-08,1.92532E-08,3.2195E-08,5.29855E-08,8.54706E-08,1.34435E-07,2.04837E-07,2.99868E-07,4.17423E-07,5.45363E-07,6.57851E-07,7.1767E-07,6.89886E-07,5.65534E-07,3.79366E-07,1.9771E-07,7.4987E-08,1.9063E-08,2.92859E-09,2.38644E-10,8.75316E-12,1.17527E-13,4.45312E-16,3.43146E-19,3.56023E-23,2.95929E-28,1.02506E-34,6.49843E-43,2.67597E-53,1.94266E-66,4.81436E-83,5.1555E-104,1.7682E-130,7.3397E-164,5.9659E-206,5.2817E-259,0,0,0,0,0,0,0,0,0,0,0,0,0,0,0,0,0,0,0,0,0,0,0,0
6.62032E-09,1.13102E-08,1.91228E-08,3.19123E-08,5.23867E-08,8.42342E-08,1.31957E-07,2.00043E-07,2.90982E-07,4.01806E-07,5.19665E-07,6.18905E-07,6.64423E-07,6.25914E-07,5.00195E-07,3.24952E-07,1.62655E-07,5.86357E-08,1.39828E-08,1.98197E-09,1.45939E-10,4.71162E-12,5.38741E-14,1.66755E-16,9.96152E-20,7.50117E-24,4.16486E-29,8.68063E-36,2.9032E-44,5.34446E-55,1.40813E-68,9.74166E-86,2.0928E-107,9.5E-135,3.0916E-169,1.0191E-212,1.5957E-267,0,0,0,0,0,0,0,0,0,0,0,0,0,0,0,0,0,0,0,0,0,0,0,0
6.59387E-09,1.12503E-08,1.89905E-08,3.16264E-08,5.17829E-08,8.29921E-08,1.29478E-07,1.95272E-07,2.82198E-07,3.86495E-07,4.9473E-07,5.816E-07,6.14244E-07,5.66847E-07,4.41398E-07,2.77546E-07,1.33332E-07,4.56418E-08,1.01979E-08,1.33169E-09,8.844E-11,2.50733E-12,2.43429E-14,6.13235E-17,2.82663E-20,1.53572E-24,5.65349E-30,7.0241E-37,1.2248E-45,9.93128E-57,9.32085E-71,1.75827E-88,7.3569E-111,4.2583E-139,1.0367E-174,1.3064E-219,3.3584E-276,0,0,0,0,0,0,0,0,0,0,0,0,0,0,0,0,0,0,0,0,0,0,0,0
6.56693E-09,1.11896E-08,1.88565E-08,3.13374E-08,5.11745E-08,8.17449E-08,1.27E-07,1.90528E-07,2.73523E-07,3.71498E-07,4.70562E-07,5.45917E-07,5.67034E-07,5.12421E-07,3.8862E-07,2.36372E-07,1.08899E-07,3.53652E-08,7.39475E-09,8.88301E-10,5.31081E-11,1.31905E-12,1.08412E-14,2.21442E-17,7.83876E-21,3.05456E-25,7.40011E-31,5.42934E-38,4.87779E-47,1.7163E-58,5.63114E-73,2.82874E-91,2.2376E-114,1.5907E-143,2.7635E-180,1.2545E-226,4.9133E-285,0,0,0,0,0,0,0,0,0,0,0,0,0,0,0,0,0,0,0,0,0,0,0,0
6.53952E-09,1.11279E-08,1.87208E-08,3.10455E-08,5.05616E-08,8.04931E-08,1.24524E-07,1.85814E-07,2.64961E-07,3.56824E-07,4.47165E-07,5.11832E-07,5.22691E-07,4.62373E-07,3.41365E-07,2.00722E-07,8.86189E-08,2.72765E-08,5.33113E-09,5.8823E-10,3.15996E-11,6.85937E-13,4.75839E-15,7.85108E-18,2.12422E-21,5.90152E-26,9.33835E-32,4.00773E-39,1.83314E-48,2.75725E-60,3.10328E-75,4.05367E-94,5.8831E-118,4.9465E-148,5.848E-186,9.0083E-234,4.9855E-294,0,0,0,0,0,0,0,0,0,0,0,0,0,0,0,0,0,0,0,0,0,0,0,0
6.51164E-09,1.10652E-08,1.85833E-08,3.07506E-08,4.99446E-08,7.92376E-08,1.22051E-07,1.81133E-07,2.56517E-07,3.42478E-07,4.24539E-07,4.79318E-07,4.81112E-07,4.16444E-07,2.99161E-07,1.69952E-07,7.18505E-08,2.09407E-08,3.82104E-09,3.86673E-10,1.86289E-11,3.52576E-13,2.05815E-15,2.73267E-18,5.62427E-22,1.10734E-26,1.13583E-32,2.82438E-40,6.49875E-50,4.11583E-62,1.55914E-77,5.17066E-97,1.3359E-121,1.279E-152,9.8101E-192,4.8285E-241,3.5008E-303,0,0,0,0,0,0,0,0,0,0,0,0,0,0,0,0,0,0,0,0,0,0,0,0
